Litter,Init_LCI
Alfalfa,0.23923263
Ash,0.293831855
Bluestem,0.171666212
Oak,0.427767958
Pine,0.453630482
