Litter,1,2
Alfalfa,7.610299524,6.644506427
Ash,15.17639673,13.25042007
Bluestem,13.75446155,12.00893708
Oak,28.39380356,24.79045794
Pine,33.54104864,29.28448645
